Metric,Champion,Challenger
MAE,1340.2183520600051,1159.159004780524
RMSE,1709.577448974419,1484.0318582022055
MAPE,2.663944578459208,2.3706322120501078
WMAPE,2.702085717899252,2.33704230864877
R2,0.9935589243214901,0.9951463630361677
