Segment,MAE_Champion,MAE_Challenger
1,1023.3058626913614,1321.12907306412
2,2149.7999600175635,1025.1112659638916
3,1331.5156116690655,1189.7126309690507
4,1498.956306452062,1114.2409904602798
5,1057.295837060869,1251.9382769295585
6,1500.0523555249977,1258.1173749537163
7,1312.315840290593,1046.8074316994037
8,1312.884160930514,1006.3726056402725
9,1130.0493341083036,1165.2175830436345
